Feature,Importance
Race_Wins,0.650708479594037
Race_Starts,0.17417809672564638
Pole_Positions,0.07741260088909788
Years_Active,0.06558724994801071
Points,0.0256908582745664
Fastest_Laps,0.0064227145686415995
Race_Entries,0.0
Podiums,0.0
