Metric,Value
Accuracy,0.9942528735632183
Precision,1.0
Recall,0.8571428571428571
F1 Score,0.9230769230769231
